"Variant","Page","Format","Reason"
"chapter0","1","RGBA4444","font"
"chapter0","2","RGBA4444","font"
"chapter0-ptbr","1","RGBA4444","font"
"chapter0-ptbr","2","RGBA4444","font"
"chapter0-ptbr","3","RGBA4444","font"
"chapter1","1","RGBA4444","sensitive_sprite"
"chapter1","2","RGBA4444","font,sensitive_sprite"
"chapter1","3","RGBA4444","font"
"chapter1","4","RGBA4444","sensitive_sprite"
"chapter1","5","RGBA4444","sensitive_sprite"
"chapter1","6","RGBA4444","font,sensitive_sprite"
"chapter1","7","RGBA4444","font,sensitive_sprite"
"chapter1","8","RGBA4444","sensitive_sprite"
"chapter1-ptbr","0","PVRTC2","scenery_or_safe_atlas"
"chapter1-ptbr","1","RGBA4444","sensitive_sprite"
"chapter1-ptbr","2","RGBA4444","font,sensitive_sprite"
"chapter1-ptbr","3","RGBA4444","font"
"chapter1-ptbr","4","RGBA4444","sensitive_sprite"
"chapter1-ptbr","5","RGBA4444","sensitive_sprite"
"chapter1-ptbr","6","RGBA4444","sensitive_sprite"
"chapter1-ptbr","7","RGBA4444","sensitive_sprite"
"chapter1-ptbr","8","RGBA4444","sensitive_sprite"
"chapter1-ptbr","9","PVRTC2","scenery_or_safe_atlas"
"chapter1-ptbr","10","RGBA4444","font"
"chapter2","1","RGBA4444","sensitive_sprite"
"chapter2","2","RGBA4444","sensitive_sprite"
"chapter2","3","RGBA4444","font"
"chapter2","4","RGBA4444","font,sensitive_sprite"
"chapter2","5","RGBA4444","sensitive_sprite"
"chapter2","6","RGBA4444","sensitive_sprite"
"chapter2","7","RGBA4444","sensitive_sprite"
"chapter2","8","RGBA4444","font,sensitive_sprite"
"chapter2","9","RGBA4444","font"
"chapter2","10","RGBA4444","font,sensitive_sprite"
"chapter2","11","PVRTC2","scenery_or_safe_atlas"
"chapter2","12","PVRTC2","scenery_or_safe_atlas"
"chapter2","13","PVRTC2","scenery_or_safe_atlas"
"chapter2","14","PVRTC2","scenery_or_safe_atlas"
"chapter2","15","RGBA4444","font,sensitive_sprite"
"chapter2","16","PVRTC2","scenery_or_safe_atlas"
"chapter2","17","PVRTC2","scenery_or_safe_atlas"
"chapter2","18","RGBA4444","font,sensitive_sprite"
"chapter2","19","PVRTC2","scenery_or_safe_atlas"
"chapter2","20","RGBA4444","font,sensitive_sprite"
"chapter2","21","RGBA4444","sensitive_sprite"
"chapter2","22","RGBA4444","font"
"chapter2","23","RGBA4444","sensitive_sprite"
"chapter2","24","RGBA4444","sensitive_sprite"
"chapter2","25","RGBA4444","sensitive_sprite"
"chapter2","26","RGBA4444","sensitive_sprite"
"chapter2-ptbr","1","RGBA4444","sensitive_sprite"
"chapter2-ptbr","2","RGBA4444","sensitive_sprite"
"chapter2-ptbr","3","RGBA4444","font"
"chapter2-ptbr","4","RGBA4444","font,sensitive_sprite"
"chapter2-ptbr","5","RGBA4444","sensitive_sprite"
"chapter2-ptbr","7","RGBA4444","sensitive_sprite"
"chapter2-ptbr","8","RGBA4444","font,sensitive_sprite"
"chapter2-ptbr","9","RGBA4444","font"
"chapter2-ptbr","10","RGBA4444","font"
"chapter2-ptbr","15","RGBA4444","font,sensitive_sprite"
"chapter2-ptbr","18","RGBA4444","sensitive_sprite"
"chapter2-ptbr","20","RGBA4444","sensitive_sprite"
"chapter2-ptbr","23","RGBA4444","sensitive_sprite"
"chapter2-ptbr","24","RGBA4444","sensitive_sprite"
"chapter2-ptbr","25","RGBA4444","sensitive_sprite"
"chapter2-ptbr","26","RGBA4444","sensitive_sprite"
"chapter2-ptbr","27","RGBA4444","font"
"chapter2-ptbr","30","PVRTC2","scenery_or_safe_atlas"
"chapter3","3","RGBA4444","sensitive_sprite"
"chapter3","4","RGBA4444","sensitive_sprite"
"chapter3","5","RGBA4444","sensitive_sprite"
"chapter3","6","RGBA4444","sensitive_sprite"
"chapter3","7","RGBA4444","sensitive_sprite"
"chapter3","8","RGBA4444","sensitive_sprite"
"chapter3","9","RGBA4444","font,sensitive_sprite"
"chapter3","10","RGBA4444","font,sensitive_sprite"
"chapter3","11","RGBA4444","sensitive_sprite"
"chapter3","12","RGBA4444","font"
"chapter3","13","RGBA4444","font"
"chapter3","14","RGBA4444","font"
"chapter3","15","RGBA4444","font"
"chapter3","16","RGBA4444","font"
"chapter3","17","PVRTC2","scenery_or_safe_atlas"
"chapter3","18","PVRTC2","scenery_or_safe_atlas"
"chapter3","19","RGBA4444","sensitive_sprite"
"chapter3","20","RGBA4444","font"
"chapter3","21","PVRTC2","scenery_or_safe_atlas"
"chapter3","22","RGBA4444","sensitive_sprite"
"chapter3","23","RGBA4444","font,sensitive_sprite"
"chapter3","24","RGBA4444","font,sensitive_sprite"
"chapter3","25","RGBA4444","sensitive_sprite"
"chapter3","26","RGBA4444","font,sensitive_sprite"
"chapter3","27","RGBA4444","sensitive_sprite"
"chapter3","28","RGBA4444","sensitive_sprite"
"chapter3","29","RGBA4444","sensitive_sprite"
"chapter3","30","PVRTC2","scenery_or_safe_atlas"
"chapter3","31","PVRTC2","scenery_or_safe_atlas"
"chapter3","32","PVRTC2","scenery_or_safe_atlas"
"chapter3-ptbr","3","RGBA4444","sensitive_sprite"
"chapter3-ptbr","4","RGBA4444","sensitive_sprite"
"chapter3-ptbr","5","RGBA4444","sensitive_sprite"
"chapter3-ptbr","6","RGBA4444","sensitive_sprite"
"chapter3-ptbr","7","RGBA4444","sensitive_sprite"
"chapter3-ptbr","8","RGBA4444","sensitive_sprite"
"chapter3-ptbr","9","RGBA4444","font,sensitive_sprite"
"chapter3-ptbr","10","RGBA4444","font,sensitive_sprite"
"chapter3-ptbr","11","RGBA4444","sensitive_sprite"
"chapter3-ptbr","12","RGBA4444","font"
"chapter3-ptbr","13","RGBA4444","font"
"chapter3-ptbr","14","RGBA4444","font"
"chapter3-ptbr","15","RGBA4444","font"
"chapter3-ptbr","16","RGBA4444","font"
"chapter3-ptbr","19","RGBA4444","sensitive_sprite"
"chapter3-ptbr","22","RGBA4444","sensitive_sprite"
"chapter3-ptbr","23","RGBA4444","font,sensitive_sprite"
"chapter3-ptbr","24","RGBA4444","sensitive_sprite"
"chapter3-ptbr","25","RGBA4444","sensitive_sprite"
"chapter3-ptbr","26","RGBA4444","sensitive_sprite"
"chapter3-ptbr","27","RGBA4444","sensitive_sprite"
"chapter3-ptbr","28","RGBA4444","sensitive_sprite"
"chapter3-ptbr","29","RGBA4444","sensitive_sprite"
"chapter3-ptbr","33","RGBA4444","font"
"chapter3-ptbr","36","PVRTC2","scenery_or_safe_atlas"
"chapter4","9","RGBA4444","sensitive_sprite"
"chapter4","10","RGBA4444","font"
"chapter4","11","RGBA4444","font,sensitive_sprite"
"chapter4","12","RGBA4444","sensitive_sprite"
"chapter4","13","RGBA4444","font"
"chapter4","14","PVRTC2","scenery_or_safe_atlas"
"chapter4","15","RGBA4444","font"
"chapter4","16","RGBA4444","font"
"chapter4","17","RGBA4444","font"
"chapter4","18","RGBA4444","font"
"chapter4","19","PVRTC2","scenery_or_safe_atlas"
"chapter4","20","RGBA4444","sensitive_sprite"
"chapter4","21","RGBA4444","font"
"chapter4","22","RGBA4444","sensitive_sprite"
"chapter4","23","PVRTC2","scenery_or_safe_atlas"
"chapter4","24","PVRTC2","scenery_or_safe_atlas"
"chapter4","25","RGBA4444","sensitive_sprite"
"chapter4","26","PVRTC2","scenery_or_safe_atlas"
"chapter4","27","RGBA4444","font,sensitive_sprite"
"chapter4","28","PVRTC2","scenery_or_safe_atlas"
"chapter4","29","PVRTC2","scenery_or_safe_atlas"
"chapter4","30","RGBA4444","font,sensitive_sprite"
"chapter4","31","RGBA4444","font"
"chapter4","32","PVRTC2","scenery_or_safe_atlas"
"chapter4","33","RGBA4444","font,sensitive_sprite"
"chapter4","34","RGBA4444","sensitive_sprite"
"chapter4","35","RGBA4444","sensitive_sprite"
"chapter4","36","RGBA4444","sensitive_sprite"
"chapter4","37","RGBA4444","sensitive_sprite"
"chapter4","38","RGBA4444","sensitive_sprite"
"chapter4","39","RGBA4444","sensitive_sprite"
"chapter4","40","PVRTC2","scenery_or_safe_atlas"
"chapter4","41","PVRTC2","scenery_or_safe_atlas"
"chapter4-ptbr","0","PVRTC2","scenery_or_safe_atlas"
"chapter4-ptbr","1","PVRTC2","scenery_or_safe_atlas"
"chapter4-ptbr","2","PVRTC2","scenery_or_safe_atlas"
"chapter4-ptbr","3","PVRTC2","scenery_or_safe_atlas"
"chapter4-ptbr","4","PVRTC2","scenery_or_safe_atlas"
"chapter4-ptbr","5","PVRTC2","scenery_or_safe_atlas"
"chapter4-ptbr","6","PVRTC2","scenery_or_safe_atlas"
"chapter4-ptbr","7","PVRTC2","scenery_or_safe_atlas"
"chapter4-ptbr","8","PVRTC2","scenery_or_safe_atlas"
"chapter4-ptbr","9","RGBA4444_RUNTIME_BUILD","sensitive_sprite"
"chapter4-ptbr","10","RGBA4444_RUNTIME_BUILD","font"
"chapter4-ptbr","11","RGBA4444_RUNTIME_BUILD","font,sensitive_sprite"
"chapter4-ptbr","12","RGBA4444_RUNTIME_BUILD","sensitive_sprite"
"chapter4-ptbr","13","RGBA4444_RUNTIME_BUILD","font"
"chapter4-ptbr","14","PVRTC2","scenery_or_safe_atlas"
"chapter4-ptbr","15","RGBA4444_RUNTIME_BUILD","font"
"chapter4-ptbr","16","RGBA4444_RUNTIME_BUILD","font"
"chapter4-ptbr","17","RGBA4444_RUNTIME_BUILD","font"
"chapter4-ptbr","18","RGBA4444_RUNTIME_BUILD","font"
"chapter4-ptbr","19","PVRTC2","scenery_or_safe_atlas"
"chapter4-ptbr","20","RGBA4444_RUNTIME_BUILD","sensitive_sprite"
"chapter4-ptbr","21","RGBA4444_RUNTIME_BUILD","font"
"chapter4-ptbr","22","PVRTC2","scenery_or_safe_atlas"
"chapter4-ptbr","23","PVRTC2","scenery_or_safe_atlas"
"chapter4-ptbr","24","PVRTC2","scenery_or_safe_atlas"
"chapter4-ptbr","25","RGBA4444_RUNTIME_BUILD","sensitive_sprite"
"chapter4-ptbr","26","PVRTC2","scenery_or_safe_atlas"
"chapter4-ptbr","27","RGBA4444_RUNTIME_BUILD","sensitive_sprite"
"chapter4-ptbr","28","PVRTC2","scenery_or_safe_atlas"
"chapter4-ptbr","29","PVRTC2","scenery_or_safe_atlas"
"chapter4-ptbr","30","RGBA4444_RUNTIME_BUILD","sensitive_sprite"
"chapter4-ptbr","31","RGBA4444_RUNTIME_BUILD","sensitive_sprite"
"chapter4-ptbr","32","RGBA4444_RUNTIME_BUILD","sensitive_sprite"
"chapter4-ptbr","33","RGBA4444_RUNTIME_BUILD","sensitive_sprite"
"chapter4-ptbr","34","RGBA4444_RUNTIME_BUILD","sensitive_sprite"
"chapter4-ptbr","35","RGBA4444_RUNTIME_BUILD","sensitive_sprite"
"chapter4-ptbr","36","RGBA4444_RUNTIME_BUILD","sensitive_sprite"
"chapter4-ptbr","37","RGBA4444_RUNTIME_BUILD","sensitive_sprite"
"chapter4-ptbr","38","RGBA4444_RUNTIME_BUILD","sensitive_sprite"
"chapter4-ptbr","39","RGBA4444_RUNTIME_BUILD","sensitive_sprite"
"chapter4-ptbr","40","PVRTC2","scenery_or_safe_atlas"
"chapter4-ptbr","41","PVRTC2","scenery_or_safe_atlas"
"chapter4-ptbr","42","PVRTC2","scenery_or_safe_atlas"
"chapter4-ptbr","43","RGBA4444_RUNTIME_BUILD","font"
"chapter4-ptbr","44","PVRTC2","scenery_or_safe_atlas"
"chapter4-ptbr","45","PVRTC2","scenery_or_safe_atlas"
"chapter4-ptbr","46","PVRTC2","scenery_or_safe_atlas"
"chapter5","28","RGBA4444","sensitive_sprite"
"chapter5","29","RGBA4444","sensitive_sprite"
"chapter5","30","RGBA4444","font"
"chapter5","31","RGBA4444","font"
"chapter5","32","RGBA4444","font,sensitive_sprite"
"chapter5","33","RGBA4444","font"
"chapter5","34","RGBA4444","font"
"chapter5","35","PVRTC2","scenery_or_safe_atlas"
"chapter5","36","RGBA4444","sensitive_sprite"
"chapter5","37","RGBA4444","font"
"chapter5","38","PVRTC2","scenery_or_safe_atlas"
"chapter5","39","RGBA4444","sensitive_sprite"
"chapter5","40","RGBA4444","font,sensitive_sprite"
"chapter5","41","RGBA4444","font,sensitive_sprite"
"chapter5","42","RGBA4444","font"
"chapter5","43","RGBA4444","font"
"chapter5","44","RGBA4444","sensitive_sprite"
"chapter5","45","PVRTC2","scenery_or_safe_atlas"
"chapter5","46","PVRTC2","scenery_or_safe_atlas"
"chapter5","47","PVRTC2","scenery_or_safe_atlas"
"chapter5","48","PVRTC2","scenery_or_safe_atlas"
"chapter5","49","RGBA4444","sensitive_sprite"
"chapter5","50","RGBA4444","font,sensitive_sprite"
"chapter5","51","PVRTC2","scenery_or_safe_atlas"
"chapter5","52","RGBA4444","font"
"chapter5","53","RGBA4444","font,sensitive_sprite"
"chapter5","54","PVRTC2","scenery_or_safe_atlas"
"chapter5","55","PVRTC2","scenery_or_safe_atlas"
"chapter5","56","PVRTC2","scenery_or_safe_atlas"
"chapter5","57","RGBA4444","sensitive_sprite"
"chapter5","58","RGBA4444","sensitive_sprite"
"chapter5","59","RGBA4444","sensitive_sprite"
"chapter5","60","RGBA4444","sensitive_sprite"
"chapter5","61","RGBA4444","sensitive_sprite"
"chapter5","62","PVRTC2","scenery_or_safe_atlas"
"chapter5","63","PVRTC2","scenery_or_safe_atlas"
"chapter5","64","PVRTC2","scenery_or_safe_atlas"
"chapter5","65","PVRTC2","scenery_or_safe_atlas"
"chapter5","66","PVRTC2","scenery_or_safe_atlas"
"chapter5","67","PVRTC2","scenery_or_safe_atlas"
"chapter5","68","PVRTC2","scenery_or_safe_atlas"
"chapter5","72","PVRTC2","scenery_or_safe_atlas"
"chapter5","73","RGBA4444","sensitive_sprite"
"chapter5","74","RGBA4444","sensitive_sprite"
